{"COOKIE WEB": {"mape": 0.11659848870759029, "order": [0, 0, 0], "seasonal_order": [0, 1, 0, 2]}, "MDM-CLIENT": {"mape": 0.030716240712620496, "order": [0, 0, 0], "seasonal_order": [2, 1, 2, 2]}, "HOMEVISITS": {"mape": 0.0861526460912268, "order": [0, 0, 0], "seasonal_order": [2, 0, 2, 2]}, "BU PERFORMANCE": {"mape": 0.1400090402550961, "order": [0, 0, 0], "seasonal_order": [2, 1, 2, 2]}, "DAMEO": {"mape": 0.057536106932342485, "order": [0, 0, 0], "seasonal_order": [1, 1, 2, 2]}, "LYS - LOYALTY SERVICES": {"mape": 0.15493043775907078, "order": [0, 0, 0], "seasonal_order": [0, 0, 1, 2]}, "COLIBRI PRODUCT SHEET": {"mape": 0.06745520677468674, "order": [0, 0, 0], "seasonal_order": [2, 1, 0, 2]}, "LOCUS": {"mape": 0.1790194039330106, "order": [0, 0, 0], "seasonal_order": [0, 0, 2, 2]}, "PRODUCT REVIEWS": {"mape": 0.056242872923689236, "order": [0, 0, 0], "seasonal_order": [0, 1, 0, 2]}, "HOMMY": {"mape": 0.02444551953046257, "order": [0, 0, 0], "seasonal_order": [2, 1, 2, 2]}, "VISUAL RECOGNITION": {"mape": 0.02976757713924709, "order": [0, 0, 0], "seasonal_order": [0, 1, 0, 2]}, "QUOTATION": {"mape": 0.03455611527486717, "order": [0, 0, 0], "seasonal_order": [0, 0, 2, 2]}, "DATA COMPLIANCE": {"mape": 0.026416377092300734, "order": [0, 0, 0], "seasonal_order": [0, 1, 2, 2]}, "TO DO FOR SALES": {"mape": 0.13338140511277474, "order": [0, 0, 0], "seasonal_order": [2, 1, 2, 2]}, "TEMPO": {"mape": 0.03009678514370584, "order": [0, 0, 0], "seasonal_order": [2, 1, 2, 2]}, "OREO": {"mape": 0.15676150300801645, "order": [0, 0, 0], "seasonal_order": [0, 1, 1, 2]}, "OFFER REPOSITORY": {"mape": 0.1540606679566251, "order": [0, 0, 0], "seasonal_order": [0, 1, 0, 2]}, "MOVE CUSTOMER ORDER": {"mape": 0.030419155753291256, "order": [0, 0, 0], "seasonal_order": [0, 1, 2, 2]}, "PYXIS SAPHIR": {"mape": 0.014745980462045765, "order": [0, 0, 0], "seasonal_order": [1, 1, 0, 2]}, "ULYS": {"mape": 0.014786408589806892, "order": [0, 0, 0], "seasonal_order": [2, 1, 1, 2]}, "FIDLIGHT": {"mape": 0.0675943958143606, "order": [0, 0, 0], "seasonal_order": [2, 1, 1, 2]}, "PYXIS": {"mape": 0.04078904535064952, "order": [0, 0, 0], "seasonal_order": [0, 1, 0, 2]}, "STREAMSERVE": {"mape": 0.06542181347834264, "order": [0, 0, 0], "seasonal_order": [2, 1, 1, 2]}, "PVR": {"mape": 0.026883353829994697, "order": [0, 0, 0], "seasonal_order": [0, 1, 0, 2]}, "ORION": {"mape": 0.01612416681906927, "order": [0, 0, 0], "seasonal_order": [0, 1, 1, 2]}, "CASSIOPEE": {"mape": 0.026644282216150013, "order": [0, 0, 0], "seasonal_order": [2, 0, 2, 2]}, "BOOSTER": {"mape": 0.129521489851535, "order": [0, 0, 0], "seasonal_order": [1, 1, 1, 2]}, "OLT": {"mape": 0.021908491857298346, "order": [0, 0, 0], "seasonal_order": [2, 1, 0, 2]}, "PRM PLATEFORME RELATION MAGASIN": {"mape": 0.07086687853174596, "order": [0, 0, 0], "seasonal_order": [0, 0, 2, 2]}, "CUSTOMER BOARD": {"mape": 0.10977114342792624, "order": [0, 0, 0], "seasonal_order": [2, 1, 2, 2]}, "STC": {"mape": 0.06907887523636914, "order": [0, 0, 0], "seasonal_order": [2, 0, 0, 2]}, "STORE SIS": {"mape": 0.18277876701491794, "order": [0, 0, 0], "seasonal_order": [0, 1, 0, 2]}, "CUSTOMER MOBILE APP": {"mape": 0.1328150448831827, "order": [0, 0, 0], "seasonal_order": [0, 1, 2, 2]}, "MAILBREW": {"mape": 0.013012579650160548, "order": [0, 0, 0], "seasonal_order": [2, 1, 1, 2]}, "COLIBRI PASSPORT": {"mape": 0.008124394302140068, "order": [0, 0, 0], "seasonal_order": [1, 1, 0, 2]}, "PDC": {"mape": 0.005607904638167673, "order": [0, 0, 0], "seasonal_order": [1, 1, 2, 2]}, "OPUS LEGACY": {"mape": 0.010206334683887548, "order": [0, 0, 0], "seasonal_order": [0, 1, 1, 2]}, "DELTA": {"mape": 0.011653913412874122, "order": [0, 0, 0], "seasonal_order": [0, 0, 1, 2]}, "BACK OFFICE MARKETPLACE - BOMP": {"mape": 0.10189259892835548, "order": [0, 0, 0], "seasonal_order": [1, 0, 0, 2]}, "DOPANIM": {"mape": 0.07652583330669173, "order": [0, 0, 0], "seasonal_order": [2, 0, 0, 2]}, "CIAM": {"mape": 0.029958673224589262, "order": [0, 0, 0], "seasonal_order": [2, 1, 2, 2]}, "POCKET DATA": {"mape": 0.02550420551878837, "order": [0, 0, 0], "seasonal_order": [0, 1, 0, 2]}, "IKY  (I KNOW YOU) - CUSTOMER DATA MANAGEMENT": {"mape": 0.02170472312411129, "order": [0, 0, 0], "seasonal_order": [2, 0, 1, 2]}, "NOTIFY": {"mape": 0.03188132290726761, "order": [0, 0, 0], "seasonal_order": [2, 1, 0, 2]}, "PAYMENT DATA REPOSITORY": {"mape": 0.05933139136638343, "order": [0, 0, 0], "seasonal_order": [1, 1, 2, 2]}, "LEGACY TRANSLATOR": {"mape": 0.008661040699777429, "order": [0, 0, 0], "seasonal_order": [1, 1, 0, 2]}, "LYSA - LOYALTY SERVICE ACCOUNT": {"mape": 0.10733486414592039, "order": [0, 0, 0], "seasonal_order": [1, 1, 1, 2]}, "DATA QUALITY": {"mape": 0.06274837380116882, "order": [0, 0, 0], "seasonal_order": [0, 1, 0, 2]}, "MOVE CUSTOMER": {"mape": 0.010631610559859358, "order": [0, 0, 0], "seasonal_order": [0, 1, 2, 2]}, "MESSAGEO": {"mape": 0.051088514255061585, "order": [0, 0, 0], "seasonal_order": [0, 1, 0, 2]}, "PICK UP PLANNING": {"mape": 0.0362194728439909, "order": [0, 0, 0], "seasonal_order": [0, 1, 1, 2]}, "SUIVI DE POSITION": {"mape": 0.06808381952673165, "order": [0, 0, 0], "seasonal_order": [0, 1, 0, 2]}, "STORE REVIEWS": {"mape": 0.03307042024127587, "order": [0, 0, 0], "seasonal_order": [0, 1, 0, 2]}, "COLIBRI GREENZONE PACTOOL": {"mape": 0.018501279703286407, "order": [0, 0, 0], "seasonal_order": [0, 1, 0, 2]}, "OPTIMEEZE": {"mape": 0.0929778338709634, "order": [0, 0, 0], "seasonal_order": [1, 1, 2, 2]}, "COLIBRI QBAT": {"mape": 0.017305413911551562, "order": [0, 0, 0], "seasonal_order": [1, 1, 0, 2]}, "MEDIA INTEGRATOR": {"mape": 0.01949351415413307, "order": [0, 0, 0], "seasonal_order": [2, 1, 0, 2]}, "COLIBRI TASKLIST": {"mape": 0.018501279703286407, "order": [0, 0, 0], "seasonal_order": [0, 1, 0, 2]}, "COLIBRI PERMANENT INVENTORY": {"mape": 0.1434978351171026, "order": [0, 0, 0], "seasonal_order": [0, 0, 2, 2]}, "CONFIGURATORS REPOSITORY AND COMMON": {"mape": 0.04789446974364202, "order": [0, 0, 0], "seasonal_order": [2, 0, 2, 2]}, "PRODUCT FEED": {"mape": 0.01988774033709253, "order": [0, 0, 0], "seasonal_order": [2, 1, 2, 2]}, "BOOMERANG (INTERACTIVE RETURN SYSTEM)": {"mape": 0.03401176748757745, "order": [0, 0, 0], "seasonal_order": [0, 1, 0, 2]}, "AUTOCAPAYIN": {"mape": 0.16837248726891493, "order": [0, 0, 0], "seasonal_order": [0, 0, 1, 2]}, "PAYMENT CROSS TECHNOLOGIES": {"mape": 0.03773839079240213, "order": [0, 0, 0], "seasonal_order": [1, 0, 2, 2]}, "MIRAKL": {"mape": 0.019266008978766253, "order": [0, 0, 0], "seasonal_order": [2, 1, 0, 2]}, "DIGITAL DOCUMENT GENERATOR BRICK (DDGB)": {"mape": 0.05912095172977676, "order": [0, 0, 0], "seasonal_order": [2, 0, 0, 2]}, "OPCOM ADVISOR": {"mape": 0.1637202998802865, "order": [0, 0, 0], "seasonal_order": [1, 1, 2, 2]}, "MODEL SELECTOR": {"mape": 0.00661297484803156, "order": [0, 0, 0], "seasonal_order": [0, 1, 1, 2]}, "CCDP - PERFORMANCE & RELIABILITY": {"mape": 0.08936294667069893, "order": [0, 0, 0], "seasonal_order": [2, 0, 1, 2]}, "SEARCHDEX": {"mape": 0.048390026590277496, "order": [0, 0, 0], "seasonal_order": [0, 1, 0, 2]}, "MEDIA ORDER MANAGER": {"mape": 0.1882832930356495, "order": [0, 0, 0], "seasonal_order": [1, 1, 2, 2]}, "PROJECT TOOLS DIRECTORY": {"mape": 0.0971435899557506, "order": [0, 0, 0], "seasonal_order": [2, 0, 0, 2]}, "QB": {"mape": 0.03637690603124033, "order": [0, 0, 0], "seasonal_order": [1, 0, 1, 2]}, "SELLERS REVIEWS": {"mape": 0.09688411993144871, "order": [0, 0, 0], "seasonal_order": [0, 0, 2, 2]}, "OMNISTORE": {"mape": 0.019004330122691156, "order": [0, 0, 0], "seasonal_order": [0, 1, 0, 2]}, "AUTHORIZATIONS": {"mape": 0.06696809270592914, "order": [0, 0, 0], "seasonal_order": [2, 0, 2, 2]}, "COMMUNITY SPACE": {"mape": 0.022628809890153215, "order": [0, 0, 0], "seasonal_order": [1, 1, 1, 2]}, "KOBI MODULES - SERVICES": {"mape": 0.07793611744295165, "order": [0, 0, 0], "seasonal_order": [0, 0, 1, 2]}, "SELLER PORTAL": {"mape": 0.06240532911061568, "order": [0, 0, 0],